﻿<?xml version="1.0" encoding="utf-8" ?>
<c2eventsheet>
    <!--All the 'name' attributes are ignored by Construct 2 - they are there for readability only.-->
    <name>eCinematic</name>
    <events>
        <event-block sid="323687599071329">
            <conditions>
                <condition id="0" name="On collision with another object" sid="776984375297024" type="Personagem">
                    <param id="0" name="Object">Gatilho_Cinematic</param>
                </condition>
            </conditions>
            <actions>
                <action id="-10" name="Set value" sid="172773445170813" type="Câmera">
                    <param id="0" name="Instance variable">Cinematic_passo</param>
                    <param id="1" name="Value">1</param>
                </action>
                <action id="-9" name="Destroy" sid="985285636426746" type="Gatilho_Cinematic" />
            </actions>
        </event-block>
        <event-block sid="546291345395413">
            <conditions>
                <condition id="0" name="On function" sid="621228229154204" type="Function">
                    <param id="0" name="Name">&quot;inicio_cinematic&quot;</param>
                </condition>
            </conditions>
            <actions>
                <action id="-12" name="Set group active" sid="603304764577515" type="System">
                    <param id="0" name="Group name">&quot;Imput Teclado e Gamepad&quot;</param>
                    <param id="1" name="State">0</param>
                </action>
                <action id="-12" name="Set group active" sid="518848756333804" type="System">
                    <param id="0" name="Group name">&quot;Controlador de animações&quot;</param>
                    <param id="1" name="State">0</param>
                </action>
            </actions>
        </event-block>
        <event-block sid="147926001537184">
            <conditions>
                <condition id="0" name="On function" sid="477208829944748" type="Function">
                    <param id="0" name="Name">&quot;fim_cinematic&quot;</param>
                </condition>
            </conditions>
            <actions>
                <action id="-12" name="Set group active" sid="333321555155246" type="System">
                    <param id="0" name="Group name">&quot;Imput Teclado e Gamepad&quot;</param>
                    <param id="1" name="State">1</param>
                </action>
                <action id="-12" name="Set group active" sid="119479743070406" type="System">
                    <param id="0" name="Group name">&quot;Controlador de animações&quot;</param>
                    <param id="1" name="State">1</param>
                </action>
                <action id="-10" name="Set value" sid="483776918897899" type="Câmera">
                    <param id="0" name="Instance variable">Cinematic_passo</param>
                    <param id="1" name="Value">0</param>
                </action>
            </actions>
        </event-block>
        <event-block sid="837571367519538">
            <conditions>
                <condition id="-8" name="Compare two values" sid="574779063612119" type="System">
                    <param id="0" name="First value">LayoutName</param>
                    <param id="1" name="Comparison">0</param>
                    <param id="2" name="Second value">&quot;Fase&quot;</param>
                </condition>
            </conditions>
            <actions />
            <sub-events>
                <event-block sid="295083024878095">
                    <conditions>
                        <condition id="-7" name="Compare instance variable" sid="161955694474236" type="Câmera">
                            <param id="0" name="Instance variable">Cinematic_passo</param>
                            <param id="1" name="Comparison">0</param>
                            <param id="2" name="Value">1</param>
                        </condition>
                    </conditions>
                    <actions />
                    <sub-events>
                        <event-block sid="553396459690681">
                            <conditions>
                                <condition id="-4" name="Trigger once while true" sid="310403495913588" type="System" />
                            </conditions>
                            <actions>
                                <action id="0" name="Call function" sid="209317304922175" type="Function">
                                    <param id="0" name="Name">&quot;inicio_cinematic&quot;</param>
                                    <param id="1" name="Parameter {n}"></param>
                                </action>
                                <action id="4" name="Set animation" sid="120889836823046" type="Personagem">
                                    <param id="0" name="Animation">Personagem.estado_transformacao &amp; &quot;Idle&quot;</param>
                                    <param id="1" name="From">1</param>
                                </action>
                                <action id="4" name="Set animation" sid="411876344210983" type="chefe">
                                    <param id="0" name="Animation">&quot;Attack1&quot;</param>
                                    <param id="1" name="From">1</param>
                                </action>
                                <action id="0" name="Play" sid="117792905632072" type="Audio">
                                    <param id="0" name="Audio file">Zoom</param>
                                    <param id="2" name="Loop">0</param>
                                    <param id="3" name="Volume">0</param>
                                    <param id="1" name="Tag (optional)">&quot;&quot;</param>
                                </action>
                            </actions>
                        </event-block>
                        <event-block sid="754687301238989">
                            <conditions>
                                <condition id="-1" name="Compare X" sid="334340459599636" type="chefe">
                                    <param id="0" name="Comparison">4</param>
                                    <param id="1" name="X co-ordinate">11248</param>
                                </condition>
                            </conditions>
                            <actions>
                                <action id="-1" name="Set X" sid="803071950468947" type="chefe">
                                    <param id="0" name="X">Self.X -700 * dt</param>
                                </action>
                            </actions>
                        </event-block>
                        <event-block sid="330688597603241">
                            <conditions>
                                <condition id="-22" name="Else" sid="785731025903749" type="System" />
                            </conditions>
                            <actions />
                            <sub-events>
                                <event-block sid="962349365620134">
                                    <conditions>
                                        <condition id="-4" name="Trigger once while true" sid="799212573492611" type="System" />
                                    </conditions>
                                    <actions>
                                        <action id="6" name="Set speed" sid="542110567983313" type="cinematic1_saco">
                                            <param id="0" name="Speed">10</param>
                                        </action>
                                        <action id="0" name="Play" sid="437324628328100" type="Audio">
                                            <param id="0" name="Audio file">SocoChefe</param>
                                            <param id="2" name="Loop">0</param>
                                            <param id="3" name="Volume">0</param>
                                            <param id="1" name="Tag (optional)">&quot;&quot;</param>
                                        </action>
                                    </actions>
                                </event-block>
                            </sub-events>
                        </event-block>
                        <event-block sid="158558069854306">
                            <conditions>
                                <condition id="3" name="Compare frame" sid="446305415735425" type="cinematic1_saco">
                                    <param id="0" name="Comparison">0</param>
                                    <param id="1" name="Number">5</param>
                                </condition>
                                <condition id="-4" name="Trigger once while true" sid="107004836877078" type="System" />
                            </conditions>
                            <actions>
                                <action id="5" name="Set frame" sid="279083560425424" type="cinematic1_saco">
                                    <param id="0" name="Frame number">0</param>
                                </action>
                                <action id="6" name="Set speed" sid="379289984855578" type="cinematic1_saco">
                                    <param id="0" name="Speed">0</param>
                                </action>
                                <action id="-16" name="Wait" sid="883043712830501" type="System">
                                    <param id="0" name="Seconds">1.0</param>
                                </action>
                                <action id="6" name="Set speed" sid="877023173871547" type="cinematic1_saco">
                                    <param id="0" name="Speed">5</param>
                                </action>
                                <action id="6" name="Set speed" sid="214301095529619" type="cinematic1_saco">
                                    <param id="0" name="Speed">20</param>
                                </action>
                                <action id="-10" name="Set value" sid="695843892482477" type="Câmera">
                                    <param id="0" name="Instance variable">Cinematic_passo</param>
                                    <param id="1" name="Value">2</param>
                                </action>
                            </actions>
                        </event-block>
                    </sub-events>
                </event-block>
                <event-block sid="278976672420690">
                    <conditions>
                        <condition id="-7" name="Compare instance variable" sid="431964018570690" type="Câmera">
                            <param id="0" name="Instance variable">Cinematic_passo</param>
                            <param id="1" name="Comparison">0</param>
                            <param id="2" name="Value">2</param>
                        </condition>
                    </conditions>
                    <actions />
                    <sub-events>
                        <event-block sid="137710858877718">
                            <conditions>
                                <condition id="-4" name="Trigger once while true" sid="463694959271192" type="System" />
                            </conditions>
                            <actions>
                                <action id="4" name="Set animation" sid="553984848979009" type="chefe">
                                    <param id="0" name="Animation">&quot;Intro1&quot;</param>
                                    <param id="1" name="From">1</param>
                                </action>
                            </actions>
                        </event-block>
                        <event-block sid="918721429701588">
                            <conditions>
                                <condition id="4" name="On finished" sid="190671114701838" type="chefe">
                                    <param id="0" name="Animation">&quot;Intro1&quot;</param>
                                </condition>
                            </conditions>
                            <actions>
                                <action id="4" name="Set animation" sid="534646874463666" type="chefe">
                                    <param id="0" name="Animation">&quot;Intro2&quot;</param>
                                    <param id="1" name="From">1</param>
                                </action>
                            </actions>
                        </event-block>
                        <event-block sid="616945894396891">
                            <conditions>
                                <condition id="3" name="Compare frame" sid="972980721816162" type="cinematic1_saco">
                                    <param id="0" name="Comparison">0</param>
                                    <param id="1" name="Number">1</param>
                                </condition>
                                <condition id="2" name="Is playing" sid="360604536146315" type="chefe">
                                    <param id="0" name="Animation">&quot;Intro1&quot;</param>
                                </condition>
                                <condition id="-4" name="Trigger once while true" sid="516390379317986" type="System" />
                            </conditions>
                            <actions>
                                <action id="0" name="Play" sid="389205952778899" type="Audio">
                                    <param id="0" name="Audio file">SocoSaco</param>
                                    <param id="2" name="Loop">0</param>
                                    <param id="3" name="Volume">0</param>
                                    <param id="1" name="Tag (optional)">&quot;&quot;</param>
                                </action>
                            </actions>
                        </event-block>
                        <event-block sid="365064608435489">
                            <conditions>
                                <condition id="2" name="Is playing" sid="448501822356352" type="chefe">
                                    <param id="0" name="Animation">&quot;Intro2&quot;</param>
                                </condition>
                            </conditions>
                            <actions />
                            <sub-events>
                                <event-block sid="416418135972338">
                                    <conditions>
                                        <condition id="3" name="Compare frame" sid="687618831459897" type="cinematic1_saco">
                                            <param id="0" name="Comparison">0</param>
                                            <param id="1" name="Number">0</param>
                                        </condition>
                                        <condition id="-4" name="Trigger once while true" sid="773237270238356" type="System" />
                                    </conditions>
                                    <actions>
                                        <action id="6" name="Set speed" sid="145622698922315" type="cinematic1_saco">
                                            <param id="0" name="Speed">0</param>
                                        </action>
                                    </actions>
                                </event-block>
                                <event-block sid="996768416509667">
                                    <conditions>
                                        <condition id="3" name="Compare frame" sid="574283565336701" type="chefe">
                                            <param id="0" name="Comparison">0</param>
                                            <param id="1" name="Number">6</param>
                                        </condition>
                                        <condition id="-4" name="Trigger once while true" sid="325498227272092" type="System" />
                                    </conditions>
                                    <actions>
                                        <action id="0" name="Play" sid="751761757344600" type="Audio">
                                            <param id="0" name="Audio file">SocoChefe</param>
                                            <param id="2" name="Loop">0</param>
                                            <param id="3" name="Volume">0</param>
                                            <param id="1" name="Tag (optional)">&quot;&quot;</param>
                                        </action>
                                        <action id="4" name="Set animation" sid="887878990938623" type="cinematic1_saco">
                                            <param id="0" name="Animation">&quot;Barra&quot;</param>
                                            <param id="1" name="From">1</param>
                                        </action>
                                        <action behavior="Bullet" id="5" name="Set enabled" sid="131490970781071" type="cinematic1_saco">
                                            <param id="0" name="State">1</param>
                                        </action>
                                        <action behavior="Bullet" id="3" name="Set angle of motion" sid="722606116492875" type="cinematic1_saco">
                                            <param id="0" name="Angle">180</param>
                                        </action>
                                        <action id="-3" name="Create object" sid="701252565061058" type="System">
                                            <param id="0" name="Object to create">cinematic1_saco</param>
                                            <param id="1" name="Layer">&quot;Game&quot;</param>
                                            <param id="2" name="X">cinematic1_saco.X</param>
                                            <param id="3" name="Y">cinematic1_saco.Y</param>
                                        </action>
                                        <action id="4" name="Set animation" sid="593232723614221" type="cinematic1_saco">
                                            <param id="0" name="Animation">&quot;Saco&quot;</param>
                                            <param id="1" name="From">1</param>
                                        </action>
                                        <action behavior="Bullet" id="5" name="Set enabled" sid="372213426021933" type="cinematic1_saco">
                                            <param id="0" name="State">1</param>
                                        </action>
                                        <action behavior="Bullet" id="3" name="Set angle of motion" sid="851645874238263" type="cinematic1_saco">
                                            <param id="0" name="Angle">180</param>
                                        </action>
                                        <action behavior="Bullet" id="0" name="Set speed" sid="361797408159525" type="cinematic1_saco">
                                            <param id="0" name="Speed">600</param>
                                        </action>
                                        <action id="-16" name="Wait" sid="836661616608073" type="System">
                                            <param id="0" name="Seconds">2</param>
                                        </action>
                                        <action id="-10" name="Set value" sid="701760524448333" type="Câmera">
                                            <param id="0" name="Instance variable">Cinematic_passo</param>
                                            <param id="1" name="Value">3</param>
                                        </action>
                                    </actions>
                                </event-block>
                            </sub-events>
                        </event-block>
                    </sub-events>
                </event-block>
                <event-block sid="542491796693129">
                    <conditions>
                        <condition id="-7" name="Compare instance variable" sid="792104342736012" type="Câmera">
                            <param id="0" name="Instance variable">Cinematic_passo</param>
                            <param id="1" name="Comparison">0</param>
                            <param id="2" name="Value">3</param>
                        </condition>
                    </conditions>
                    <actions />
                    <sub-events>
                        <event-block sid="645307200372489">
                            <conditions>
                                <condition id="-4" name="Trigger once while true" sid="546799612591792" type="System" />
                            </conditions>
                            <actions>
                                <action id="0" name="Play" sid="802275993229150" type="Audio">
                                    <param id="0" name="Audio file">Hahaha</param>
                                    <param id="2" name="Loop">0</param>
                                    <param id="3" name="Volume">0</param>
                                    <param id="1" name="Tag (optional)">&quot;&quot;</param>
                                </action>
                                <action id="4" name="Set animation" sid="686549597467915" type="chefe">
                                    <param id="0" name="Animation">&quot;hahaha&quot;</param>
                                    <param id="1" name="From">1</param>
                                </action>
                                <action id="-16" name="Wait" sid="274028710962789" type="System">
                                    <param id="0" name="Seconds">2</param>
                                </action>
                                <action id="4" name="Set animation" sid="944238393087438" type="chefe">
                                    <param id="0" name="Animation">&quot;Idle&quot;</param>
                                    <param id="1" name="From">1</param>
                                </action>
                                <action id="-16" name="Wait" sid="577199088561576" type="System">
                                    <param id="0" name="Seconds">0.5</param>
                                </action>
                                <action id="0" name="Call function" sid="783329994250631" type="Function">
                                    <param id="0" name="Name">&quot;fim_cinematic&quot;</param>
                                    <param id="1" name="Parameter {n}"></param>
                                </action>
                            </actions>
                        </event-block>
                    </sub-events>
                </event-block>
            </sub-events>
        </event-block>
    </events>
</c2eventsheet>
