﻿<?xml version="1.0" encoding="utf-8" ?>
<c2eventsheet>
    <!--All the 'name' attributes are ignored by Construct 2 - they are there for readability only.-->
    <name>eItens</name>
    <events>
        <event-group description="" sid="766028099678467" title="Recuperação">
            <sub-events>
                <event-block sid="358510941892438">
                    <conditions>
                        <condition id="0" name="On key pressed" sid="668917069468025" type="Keyboard">
                            <param id="0" name="Key">32 (Space)</param>
                        </condition>
                        <condition id="1" name="Is overlapping another object" sid="390782254773344" type="Itens_Recuperacao">
                            <param id="0" name="Object">Personagem</param>
                        </condition>
                        <condition id="-33" name="Pick by comparison" sid="169521907673571" type="System">
                            <param id="0" name="Object">Itens_Recuperacao</param>
                            <param id="1" name="Expression">Itens_Recuperacao.Y - 20</param>
                            <param id="2" name="Comparison">3</param>
                            <param id="3" name="Value">Personagem.Y</param>
                        </condition>
                        <condition id="-33" name="Pick by comparison" sid="939566462127509" type="System">
                            <param id="0" name="Object">Itens_Recuperacao</param>
                            <param id="1" name="Expression">Itens_Recuperacao.Y + 10</param>
                            <param id="2" name="Comparison">5</param>
                            <param id="3" name="Value">Personagem.Y</param>
                        </condition>
                        <condition id="-16" name="Pick random instance" sid="931953016616589" type="System">
                            <param id="0" name="Object">Itens_Recuperacao</param>
                        </condition>
                    </conditions>
                    <actions>
                        <action id="-9" name="Destroy" sid="649686411480895" type="Itens_Recuperacao" />
                        <action id="-11" name="Add to" sid="238425841032313" type="Personagem">
                            <param id="0" name="Instance variable">recuperacao</param>
                            <param id="1" name="Value">Itens_Recuperacao.recuperacao</param>
                        </action>
                        <action id="0" name="Play" sid="749379828149003" type="Audio">
                            <param id="0" name="Audio file">Item</param>
                            <param id="2" name="Loop">0</param>
                            <param id="3" name="Volume">0</param>
                            <param id="1" name="Tag (optional)">&quot;&quot;</param>
                        </action>
                    </actions>
                </event-block>
                <event-block sid="124385984541275">
                    <conditions>
                        <condition id="-7" name="Compare instance variable" sid="426907504408220" type="Personagem">
                            <param id="0" name="Instance variable">recuperacao</param>
                            <param id="1" name="Comparison">4</param>
                            <param id="2" name="Value">0</param>
                        </condition>
                        <condition id="-7" name="Compare instance variable" sid="349598926537168" type="Personagem">
                            <param id="0" name="Instance variable">vida</param>
                            <param id="1" name="Comparison">2</param>
                            <param id="2" name="Value">450</param>
                        </condition>
                    </conditions>
                    <actions>
                        <action id="-11" name="Add to" sid="425069449254336" type="Personagem">
                            <param id="0" name="Instance variable">vida</param>
                            <param id="1" name="Value">1</param>
                        </action>
                        <action id="-12" name="Subtract from" sid="833499987399495" type="Personagem">
                            <param id="0" name="Instance variable">recuperacao</param>
                            <param id="1" name="Value">1</param>
                        </action>
                    </actions>
                </event-block>
                <event-block sid="669648296245978">
                    <conditions>
                        <condition id="-22" name="Else" sid="988948265005855" type="System" />
                    </conditions>
                    <actions>
                        <action id="-10" name="Set value" sid="652445821672671" type="Personagem">
                            <param id="0" name="Instance variable">recuperacao</param>
                            <param id="1" name="Value">0</param>
                        </action>
                    </actions>
                    <sub-events>
                        <event-block sid="674317682845713">
                            <conditions>
                                <condition id="-5" name="Compare width" sid="166708259072304" type="VidaBarra">
                                    <param id="0" name="Comparison">2</param>
                                    <param id="1" name="Width">Personagem.vida</param>
                                </condition>
                            </conditions>
                            <actions>
                                <action id="-5" name="Set width" sid="603460856617685" type="VidaBarra">
                                    <param id="0" name="Width">lerp(VidaBarra.Width, Personagem.vida, 0.2)</param>
                                </action>
                            </actions>
                        </event-block>
                    </sub-events>
                </event-block>
            </sub-events>
        </event-group>
    </events>
</c2eventsheet>
