﻿<?xml version="1.0" encoding="utf-8" ?>
<c2eventsheet>
    <!--All the 'name' attributes are ignored by Construct 2 - they are there for readability only.-->
    <name>eMisc</name>
    <events>
        <event-block sid="117076278253426">
            <conditions>
                <condition id="5" name="On any finished" sid="589532121140588" type="Efeito_acerto" />
            </conditions>
            <actions>
                <action id="-9" name="Destroy" sid="982380168576980" type="Efeito_acerto" />
            </actions>
        </event-block>
        <event-block sid="761814553303840">
            <conditions>
                <condition id="5" name="On any finished" sid="277993719734042" type="efeito_pouso" />
            </conditions>
            <actions>
                <action id="-9" name="Destroy" sid="194875846691760" type="efeito_pouso" />
            </actions>
        </event-block>
    </events>
</c2eventsheet>
